{"timestamps": [1528286915.443511], "initial_reset_timestamp": 1528286768.831212, "episode_types": ["t", "t"], "episode_lengths": [3916], "episode_rewards": [0.10433333333333346]}